id;nom;adresse;cuisine
osm_n11264778281;Le Vauquelin;23 Rue Vauquelin, 75005 Paris;
osm_n6136775281;Cèpe & Figue;59-61 Cour du Commerce Saint-André, 75006 Paris;
osm_n10017125283;Le Petit Panthéon;47 Rue Monge, 75005 Paris;french
osm_n9667186285;Terronia;Terronia, 11 Rue des Boulangers, 75005 Paris;
osm_n11816823286;Brasserie des Prés;6 Cour du Commerce Saint-André, 75006;french
osm_n6219096286;Les Fêtes Galantes;17 Rue de l'École Polytechnique, 75005;french
osm_n9173357290;L'Escarpolette;40 Rue Gay-Lussac, 75005 Paris;teahouse
osm_n3350341294;Les Galandines;57 Rue Galande, 75005 Paris;crepe
osm_n9993744296;Petit Saïgon;30 Rue des Carmes, 75005 Paris;
osm_n7131523297;El Picaflor;9 Rue Lacépède, 75005 Paris;peruvian
osm_n11627968300;Osteria Brutto;15 Rue Gracieuse, 75005 Paris;
osm_n13100725303;Casimodo;71 Quai de la Tournelle, 75005 Paris;pizza
osm_n7450348314;Traiteur Asiatique;Rue du Cardinal Lemoine, 75005 Paris;"asian;chinese"
osm_n7450348315;La Voie lactée;3 Rue des Écoles, 75005 Paris;turkish
osm_n5225343321;Hanami Ramen;4 Rue des Fossés Saint-Jacques, 75005;ramen
osm_n8999742321;Phô5;31 Rue St Jacques, 75005 Paris;vietnamese
osm_n4751246322;Sésame;Rue Danton, 75006 Paris;
osm_n8999742322;Saigona;25 Rue St Jacques, 75005 Paris;vietnamese
osm_n8999742323;April;Rue Saint-Jacques, 75005 Paris;chinese
osm_n8999742324;Piment thaï;Rue Saint-Jacques, 75005 Paris;
osm_w618750324;La Nouvelle Seine;3 Quai de Montebello, 75005 Paris;
osm_n9755996325;BigBang;Rue Gay-Lussac, 75005 Paris;korean
osm_n9675535336;Asia Room;16 Rue des Écoles, 75005 Paris;
osm_n6188270337;Toranj;1 Pl. Alphonse Laveran, 75005 Paris;persian
