paire;choix;confiance;raison
P0705;A;faible;Balzar a un blog voyage anglophone dedie (A Flaneur's Guide) alors que L'Ecritoire n'a aucune mention presse ou guide
P0706;A;faible;Amore e Gusto accepte les titres-restaurant (Pluxee Bimpli) signe d'une clientele de travailleurs locaux alors que L'Ecritoire n'a aucun signal comparable
P0707;A;faible;Le dossier Dame est incoherent (avis parlant du monument Notre-Dame et non d'un restaurant) donc juge par defaut, Amore e Gusto affiche au moins un signal local avec les titres-restaurant acceptes
P0708;B;faible;Dossier Dame incoherent juge par defaut legerement au-dessus, Luisa Maria beneficie d'une couverture presse francophone locale (Paris Bouge)
P0709;A;moyenne;Le site officiel de Thaiger se presente en anglais comme un authentic Thai restaurant et figure sur des plateformes de voyage TheFork et Trip.com, signal plus fort que Luisa Maria seulement citee par la presse locale
P0710;A;moyenne;La Creperie du Cloitre est classee par Tripadvisor parmi les 10 Best Restaurants near Notre-Dame et un avis la qualifie explicitement de piege a touristes, Thaiger n'a qu'un site auto-descriptif
P0711;A;faible;La Creperie du Cloitre cumule une selection Tripadvisor dediee aux visiteurs de Notre-Dame et un avis denoncant un piege a touristes, La Pie Noir n'a qu'une fiche du guide anglophone Eat Out Paris
P0712;A;faible;La Pie Noir est referencee par le guide anglophone Eat Out Paris, signal absent pour La Sarrasine dont le seul site trouve a une tournure commerciale generique
P0713;A;faible;Bonjour Viet Nam beneficie d'une presse francophone locale (Time Out Paris Sortiraparis) qui valorise son accueil et sa cuisine familiale, signal absent pour La Sarrasine
P0714;A;faible;Les sites trouves pour Royal Bombay semblent concerner un autre etablissement homonyme donc aucune veritable ancrage local confirme, Bonjour Viet Nam a un signal d'artisanat local concret (chef cuisinant devant les clients, 14 places)
P0715;B;moyenne;Les Fetes Galantes est recommande explicitement aux voyageurs par le forum de voyage Rick Steves, signal fort absent pour Royal Bombay dont meme les sites trouves semblent concerner un etablissement homonyme
P0716;B;forte;Les Fetes Galantes est cite par le guide de voyage Rick Steves comme adresse a recommander aux visiteurs, Pan Asie n'a aucune presse ni guide et se presente comme un buffet ordinaire de quartier
P0717;B;faible;Panda Wok 01 est au moins indexe sur Tripadvisor et dispose d'une page Facebook active, Pan Asie n'a aucune trace presse guide ou reseau social
P0718;A;moyenne;Restaurant Boutebrie est en realite un restaurant social gere par le CASVP pour les seniors parisiens donc structurellement non commercial et non touristique, Panda Wok 01 est un buffet ordinaire au moins visible sur Tripadvisor
P0719;B;moyenne;Restaurant Boutebrie est en fait un restaurant solidaire municipal du CASVP pour seniors sans aucune vocation commerciale ni touristique, La Table d'Hami est un vrai restaurant coreen avec une cheffe identifiee et une fiche Gault&Millau
P0720;B;faible;Chez le Libanais est presente par un blog food-travel anglophone (NoGarlicNoOnions) et Google lui attribue lui-meme une clientele Touristes Etudiants, La Table d'Hami est surtout couverte par la presse gastronomique francaise
P0721;B;faible;Chez le Libanais a un signal clair (categorisation Google clientele touristes-etudiants et blog anglophone dedie), le dossier Hebe est incoherent (avis evoquant un menu a 9,80 euros incompatible avec la description d'un restaurant a 50-75 euros)
P0722;A;faible;Le dossier Hebe est incoherent mais sa presse mixte inclut une edition anglophone du guide Petit Fute, ce qui penche legerement plus tourisme que L'Atelier Carnem surtout couvert par la presse gastronomique francaise
P0723;B;faible;Le Petit Prince de Paris semble en realite ferme depuis des mois selon plusieurs avis recents malgre des reservations toujours acceptees en ligne, ce lieu historique emblematique depuis 1976 a pu vivre largement de sa reputation, L'Atelier Carnem est surtout salue par la presse gastronomique francaise
P0724;A;forte;Bouillon Racine est explicitement decrit par Sortiraparis comme etablissement partenaire de l'Office du Tourisme de Paris, Le Petit Prince de Paris n'a qu'un dossier incoherent suggerant un etablissement ferme
P0725;B;forte;Bouillon Racine est partenaire officiel de l'Office du Tourisme de Paris selon Sortiraparis, Le Lac de l'Ouest n'a aucune presse ni guide identifie
P0726;A;faible;I Diavoletti a des avis mentionnant des habitues fideles depuis dix ans, Le Lac de l'Ouest n'a aucun signal comparable ni presse ni guide
P0727;B;faible;Muku cumule une couverture par la presse gastronomique (Time Out blog CECJ2) une fiche Michelin et une presence Instagram-TikTok a forte audience, I Diavoletti n'a ni presse ni guide
P0728;A;faible;Muku beneficie d'une exposition mediatique et sociale plus large (Time Out Michelin Instagram TikTok) que Savannah Cafe dont la fidelite de 38 ans rapportee par un client suggere une clientele plus reguliere
P0729;B;faible;Aucun signal presse ne distingue nettement Le Souvlaki Athenien, mais Savannah Cafe affiche une fidelite client de 38 ans qui suggere une base plus locale et reguliere
P0730;A;faible;Le Grenier de Notre Dame est mis en avant par un blog associatif britannique dedie a un public etranger et se presente comme le plus ancien restaurant vegetarien de Paris, une rarete qui attire specifiquement des visiteurs, Le Souvlaki Athenien n'a aucune presse ni guide
P0731;A;faible;Le Grenier de Notre Dame a un blog dedie a un public etranger et une rarete historique (plus ancien restaurant vegetarien de Paris) qui attire specifiquement des voyageurs vegetariens, Cafe Latin n'a qu'une fiche generique de guide anglophone
P0732;A;moyenne;Cafe Latin est presente par un guide de voyage anglophone comme situe au coeur du Quartier Latin avec un service continu jusqu'a 2h du matin, Pura Vida n'a ni presse ni guide ni site, seulement des habitues citant le patron par son prenom
P0733;A;faible;Loulou' beneficie d'un article Sortiraparis bilingue FR-EN la presentant comme lieu convivial healthy d'inspiration australienne, Pura Vida n'a aucun signal presse ou guide
P0734;B;faible;Loulou' a une couverture Sortiraparis bilingue orientee grand public, Foyer mon Vietnam sans presse ni site se presente comme une petite adresse familiale a prix abordables
P0735;B;moyenne;Le Berthoud est mis en avant par le blog Secret Food Tours, une entreprise de tournees gastronomiques touristiques, signal direct de depedance au passage visiteur, Foyer mon Vietnam n'a aucune presse ni guide
P0736;B;forte;Le Berthoud est reference par Secret Food Tours un operateur de tours gastronomiques pour touristes, un avis sur Pacha temoigne au contraire d'un client venant plusieurs fois par semaine depuis des annees
P0737;A;moyenne;Maison de Gyros est reference par Zabihah un guide dedie aux voyageurs musulmans en quete d'adresses halal, un avis sur Pacha decrit un client fidele venant plusieurs fois par semaine depuis des annees
P0738;B;faible;Le dossier Les Balkans est incoherent (type de cuisine pizza declare mais avis decrivant une cuisine indonesienne) rendant le signal peu fiable, Maison de Gyros a un signal concret avec le guide Zabihah pour voyageurs
P0739;B;faible;Le dossier Les Balkans reste incoherent (cuisine indonesienne decrite alors que le type declare est pizza) alors que Les Baux propose une programmation reguliere de piano-bar et scene ouverte qui elargit son attractivite
P0740;B;faible;Mr & Mrs Crab est identifie comme viral sur TikTok avec 2,6 millions de likes cumules et 110200 abonnes autour d'un concept pense pour le partage en ligne, signal plus fort que la simple presence Instagram sans chiffres de Les Baux
P0741;B;faible;Mr & Mrs Crab a une presence TikTok virale (2,6M de likes) qui traduit une forte attractivite au-dela du quartier, Le Petit Cardinal dont l'adresse porte une incoherence de code postal se presente surtout comme un lieu de quartier diffusant les matchs de foot
P0742;B;faible;Un avis sur La Bobine la recommande explicitement par des touristes quebecois, un signal direct absent pour Le Petit Cardinal
P0743;A;faible;Un avis decrit La Bobine comme recommandee par des touristes quebecois, Mexi & Co est positionne par un blog francophone comme une option fast-good abordable a 10 euros plutot destinee aux etudiants et habitues
P0744;B;faible;Brasserie Balzar est mise en avant par un blog de voyage anglophone dedie en plus de sa presse locale, Mexi & Co est positionne comme option abordable pour riverains et etudiants par un blog francophone
P0745;B;faible;Malgre un dossier Hebe incoherent, sa mention dans l'edition anglophone du guide Petit Fute est un signal presse absent pour L'Ecritoire
P0746;A;moyenne;Restaurant Boutebrie est en realite un restaurant social municipal du CASVP pour seniors sans aucune vocation commerciale, Hebe malgre un dossier incoherent a au moins une mention dans un guide anglophone et une ouverture couverte par la presse locale
P0747;A;forte;Le Berthoud est reference par Secret Food Tours un operateur de tournees gastronomiques touristiques, Restaurant Boutebrie est en fait un restaurant social du CASVP pour seniors parisiens hors de toute logique commerciale
P0748;A;moyenne;Les Fetes Galantes est explicitement recommande aux voyageurs sur le forum Rick Steves, Foyer mon Vietnam n'a aucune presse ni guide et se presente comme une adresse familiale abordable
P0749;A;moyenne;Bouillon Racine est partenaire officiel de l'Office du Tourisme de Paris selon Sortiraparis, un signal plus direct encore que la recommandation de Les Fetes Galantes sur le forum Rick Steves
P0750;A;forte;Bouillon Racine est partenaire officiel de l'Office du Tourisme de Paris, Amore e Gusto n'a aucune presse ni guide et accepte les titres-restaurant signe d'une clientele plutot locale
P0751;B;faible;Aucun signal presse ne distingue nettement Le Souvlaki Athenien, mais Amore e Gusto accepte les titres-restaurant Pluxee et Bimpli signe d'une clientele de travailleurs residents locaux
P0752;A;faible;Pura Vida n'a aucun signal presse guide ou site, seulement des habitues nommant le patron par son prenom, Le Souvlaki Athenien bien que sans presse non plus n'a pas ce meme marqueur explicite de fidelite locale
P0753;A;moyenne;Mr & Mrs Crab est identifie comme viral sur TikTok avec 2,6 millions de likes autour d'un concept pense pour etre partage en ligne, Pura Vida n'a aucun signal presse ou reseau social et repose sur des habitues fideles nommant le patron
P0754;A;moyenne;Mr & Mrs Crab a une presence TikTok virale de 2,6M de likes et 110200 abonnes, Pan Asie n'a aucune presse guide ni reseau social identifie et se presente comme un buffet ordinaire
P0755;B;faible;Mexi & Co est au moins couvert par un blog food francophone (Parisianavores) le decrivant comme option fast-good mexicaine, Pan Asie n'a aucune presse guide ni reseau social
P0756;B;faible;I Diavoletti a des avis mentionnant des habitues fideles depuis dix ans signe d'un ancrage local fort, Mexi & Co a plusieurs avis relatant une decouverte ponctuelle decue plutot qu'une frequentation reguliere
P0757;A;faible;Brasserie Balzar beneficie d'un blog de voyage anglophone dedie en plus de sa presse locale, I Diavoletti n'a ni presse ni guide et ses avis evoquent plutot des habitues de longue date
P0758;A;faible;Le dossier Dame est incoherent (avis parlant du monument Notre-Dame et non d'un restaurant) donc juge par defaut, Brasserie Balzar a un signal presse et guide confirme
P0759;A;faible;Dossier Dame incoherent juge par defaut legerement au-dessus, Savannah Cafe affiche une fidelite de 38 ans rapportee par un client signe d'ancrage local
P0760;A;faible;Le dossier Les Balkans est incoherent (avis decrivant une cuisine indonesienne pour un etablissement fiche pizza) donc juge par defaut, Savannah Cafe affiche au contraire une fidelite clientele explicite de 38 ans
P0761;B;faible;Muku cumule des signaux presse et reseaux sociaux concrets (Time Out Michelin Instagram TikTok) alors que le dossier Les Balkans reste incoherent avec un type de cuisine contredit par les avis
P0762;B;faible;Muku beneficie d'une couverture presse et reseaux sociaux nettement plus large que Panda Wok 01 seulement indexe sur Tripadvisor et Facebook
P0763;A;faible;Maison de Gyros est reference par le guide Zabihah destine aux voyageurs en quete d'adresses halal, signal absent pour Panda Wok 01
P0764;A;faible;Maison de Gyros est reference par le guide de voyage halal Zabihah, signal oriente visiteurs absent pour Luisa Maria surtout couverte par la presse locale Paris Bouge
P0765;B;faible;Bonjour Viet Nam a un signal d'artisanat local concret (petit restaurant de 14 places chef cuisinant devant les clients) alors que la selection top 10 pizzerias de Luisa Maria reste non identifiee et incertaine selon le documentaliste
P0766;B;moyenne;Le Grenier de Notre Dame est mis en avant par un blog associatif britannique dedie a un public etranger et se revendique plus ancien restaurant vegetarien de Paris, Bonjour Viet Nam n'a qu'une presse locale francophone
P0767;A;faible;La Creperie du Cloitre cumule une selection Tripadvisor pour visiteurs de Notre-Dame et un avis la qualifiant explicitement de piege a touristes, signal encore plus direct que celui du Grenier de Notre Dame
P0768;A;moyenne;La Creperie du Cloitre a un signal direct et fort (classement Tripadvisor pour visiteurs avis piege a touristes), Le Petit Prince de Paris n'a qu'un dossier incoherent suggerant un etablissement ferme
P0769;B;faible;Chez le Libanais est explicitement categorise par Google avec une clientele Touristes Etudiants et cite par un blog food-travel anglophone, le dossier Le Petit Prince de Paris est incoherent avec un etablissement qui semble ferme depuis des mois
P0770;B;faible;Loulou' beneficie d'un article dedie Sortiraparis presentant son concept destination brunch sante-gourmand, Chez le Libanais reste avant tout une echoppe a emporter pour le passage local et etudiant
P0771;A;faible;Loulou' beneficie d'un article dedie Sortiraparis presentant son concept sante-gourmand australien, La Sarrasine n'a qu'un site au ton commercial generique et aucune presse identifiee
P0772;B;faible;Les Baux propose une programmation reguliere de piano-bar et scene ouverte qui elargit son attractivite au-dela d'une clientele de quartier, La Sarrasine n'a aucun signal comparable
P0773;B;faible;Le site officiel de Thaiger se presente explicitement en anglais comme un authentic Thai restaurant et figure sur des plateformes de voyage TheFork et Trip.com, signal plus direct que la programmation nocturne de Les Baux
P0774;B;moyenne;Thaiger se revendique authentic Thai restaurant sur son site en anglais et figure sur des plateformes de voyage, La Table d'Hami est surtout couverte par la presse gastronomique francaise
P0775;B;faible;Un avis decrit La Bobine comme recommandee par des touristes quebecois, signal direct absent pour La Table d'Hami davantage valorisee par la presse gastronomique francaise
P0776;B;faible;La Bobine est explicitement recommandee par des touristes quebecois selon un avis, L'Atelier Carnem est surtout salue par la presse gastronomique francaise qui s'adresse a des lecteurs parisiens
P0777;A;faible;Les sites trouves pour Royal Bombay semblent concerner un etablissement homonyme dans un autre arrondissement donc aucun ancrage local confirme, L'Atelier Carnem a une couverture presse francaise solide et verifiee
P0778;B;faible;Le Petit Cardinal a un signal local concret (diffusion des matchs de foot pour une clientele de quartier), les sites trouves pour Royal Bombay semblent au contraire concerner un etablissement homonyme d'un autre arrondissement
P0779;B;moyenne;La Pie Noir est referencee par le guide anglophone Eat Out Paris destine aux visiteurs, Le Petit Cardinal diffuse les matchs de foot pour une clientele plutot locale et son adresse comporte une incoherence de code postal
P0780;A;moyenne;La Pie Noir est referencee par le guide anglophone Eat Out Paris, Le Lac de l'Ouest n'a aucune presse ni guide identifie
P0781;A;moyenne;Cafe Latin est presente par un guide de voyage anglophone comme situe au coeur du Quartier Latin avec un service continu jusqu'a 2h du matin, Le Lac de l'Ouest n'a aucune presse ni guide
P0782;A;forte;Cafe Latin est mis en avant par un guide de voyage anglophone dedie, un avis sur Pacha decrit au contraire un client fidele venant plusieurs fois par semaine depuis des annees signe d'un ancrage clairement local
P0783;B;faible;Aucun signal presse ne distingue nettement L'Ecritoire, mais un avis sur Pacha temoigne d'une fidelite locale forte qui pese en faveur d'une dependance moindre au passage touristique
