rang;id;nom;etiquette;confiance;justification;sources
1;osm_n8069680005;El Sur;local;moyenne;Épicerie-restaurant argentin qui fonctionne comme un centre culturel pour la communauté latino-américaine, avec café littéraire et ciné-club réguliers, signe d'une clientèle fidèle plutôt que de passage.;Petit Futé, Tripadvisor, Restaurant Guru
2;osm_n5129121007;Yokorama;je ne sais pas;faible;Un parmi plusieurs restaurants japonais similaires sur la même rue, les avis vantent la qualité mais rien ne distingue clairement le type de clientèle.;Tripadvisor, TheFork, Yelp
3;osm_n2939348010;Brava Pizza;je ne sais pas;faible;Avis très contrastés, certains dithyrambiques, d'autres jugeant la cuisine fade, rien de net sur qui fréquente vraiment le lieu.;Tripadvisor, Yelp, Restaurant Guru
4;osm_n5129121010;Sushiyaki;local;moyenne;Petit restaurant familial tenu par un couple, ambiance chaleureuse et prix raisonnables mis en avant par plusieurs avis, modèle artisanal plutôt que flux de passage.;Tripadvisor, TheFork, Wanderlog
5;osm_n5129121012;La Cava Voltini;je ne sais pas;faible;Aucune information sur les horaires, jours de fermeture ou la nature de la clientèle, seulement des avis positifs génériques sur la cuisine italienne.;Tripadvisor, TheFork, Mapstr
6;osm_n5298105016;India StreEAT;local;moyenne;Décrit comme l'un des restaurants les plus en vogue du moment sur TheFork, plateforme de réservation surtout utilisée par des Parisiens, avec un patron nommé et une clientèle apparemment fidélisée.;TheFork, Tripadvisor
7;osm_n8630834017;Ya Bayté by Hébé;local;moyenne;Petit comptoir de vente à emporter, mezze et sandwichs, places limitées, reconnu par la presse gastronomique pour ses sandwichs plutôt que par des guides touristiques.;Restaurant Guru, Gault&Millau
8;osm_n4793992024;Selva;mixte;faible;Restaurant de chef avec jours et horaires limités, fermé certains jours, pas de service continu, ce qui suggère une clientèle de réservation plutôt que de passage, mais sa notoriété gastronomique peut aussi attirer des touristes gourmets.;Tripadvisor, Parisianavores
9;osm_n4447535029;La Ferrandaise;local;forte;Reconnue par les guides Gault&Millau et Lebey, critique gastronomique française, pas par des guides touristiques, spécialités de terroir, veau de Ferrandaise, fromages d'Auvergne.;Gault&Millau, laferrandaise.com, ghrenassia.com
10;osm_n913722029;Mexi & Co;mixte;faible;Petit établissement bon marché et casual, couvert par un blog lifestyle parisien, mais son emplacement central et son concept accessible peuvent aussi bien attirer une clientèle de passage.;Parisianavores, Tripadvisor, Restaurant Guru
11;osm_n1778496031;Au Père Louis;mixte;moyenne;Salué par le critique gastronomique Gilles Pudlowski comme un bistrot exemplaire, mais horaires très larges et continus, onze heures à une heure du matin tous les jours, qui suggèrent aussi une activité de flux.;gillespudlowski.com, Tripadvisor, Restaurant Guru
12;osm_n323061031;Le Bluff;local;forte;Fermé le dimanche, cuisine maison à petits prix mise en avant par un ancien critique culinaire, profil classique de bar à tapas de quartier.;lebluffrestaurant.fr, Pages Jaunes
13;osm_n7849213032;Bonvivant;je ne sais pas;faible;Bar à vins animé avec terrasse, aucune information trouvée sur les horaires ou jours de fermeture permettant de juger du modèle économique.;Mappy, FoodyParis
14;osm_n3351649038;Crêperie des Pêcheurs;touristique;moyenne;Institution depuis 1981 sur une rue de restaurants très fréquentée par les visiteurs, avis en baisse et mitigés qui suggèrent une clientèle davantage de passage que d'habitués fidèles.;Tripadvisor, Restaurant Guru
15;osm_n9146864043;Hon Ki;local;forte;Fermé le dimanche et horaires resserrés, service du soir seulement vendredi-samedi, profil typique d'une petite adresse pour une clientèle de quartier plutôt que de flux touristique.;restoaparis.com, co-18.fr
16;osm_n13100711044;Arya Bhavan;local;moyenne;La presse spécialisée mentionne explicitement une clientèle fidèle malgré un service inégal, signe d'habitués plutôt que de visiteurs de passage.;Tripadvisor, HappyCow
17;osm_n9146864044;Le Grenier de Notre Dame;mixte;forte;Institution végétarienne depuis 1978 explicitement décrite comme devenue incontournable pour les locaux et les touristes.;parisbouge.com, Yelp
18;osm_n7799077047;Bicla;local;moyenne;Ouvert seulement quatre jours par semaine, mercredi à samedi, avec formule déjeuner et petite carte de saison, profil de petit restaurant de réservation plutôt que de passage.;Tripadvisor, TheFork, Kactus
19;osm_n7799077048;Taeng Thai;mixte;faible;A remplacé un restaurant vietnamien tenu au même endroit pendant plus de 40 ans, mais aucune information sur les horaires ou jours de fermeture pour trancher.;Yelp, Tripadvisor, TheFork
20;osm_n726579049;A Braccetto;mixte;faible;Restaurant italien avec formule brunch, habitude plutôt parisienne le week-end, mais rien de précis sur la nature de la clientèle habituelle.;Tripadvisor, TheFork, hotels-paris-rive-gauche.com
21;osm_n7861045052;Khaaw Hoom;local;forte;Petit restaurant thaï familial, le patron fait lui-même le service, fermé le dimanche, profil artisanal de quartier.;Tripadvisor, Restaurant Guru
22;osm_n1667270067;Hoki Sushi;je ne sais pas;faible;Aucune adresse fournie et plusieurs établissements Hoki Sushi différents trouvés à Paris, Les Halles, Passy, impossible d'identifier avec certitude celui du Quartier latin.;Tripadvisor, TheFork
23;osm_n1667270068;Atelier Carmen;mixte;faible;Steakhouse haut de gamme se présentant comme une gemme confidentielle, mais le prix élevé et la viande importée du monde entier peuvent aussi bien attirer une clientèle touristique gastronomique.;TheFork, Yelp, Gayot
24;osm_n7726922070;Sahara Café;mixte;moyenne;Bar à chicha ouvert tous les jours de 15h à 2h du matin, horaires larges typiques d'un flux de passage nocturne plutôt que d'une clientèle de bureau fidélisée.;sortiraparis.com, Yelp, Restaurant Guru
25;osm_n2841183072;L'Époque;je ne sais pas;faible;Adresse absente et plusieurs établissements du même nom trouvés à Paris, impossible de confirmer avec certitude lequel correspond à cette entrée.;Tripadvisor, TheFork
26;osm_n3878917072;Pirosmani;local;moyenne;Restaurant géorgien tenu par des Géorgiens depuis la fin des années 1990, cuisine communautaire authentique avec portions généreuses, profil similaire à un restaurant ethnique de quartier.;Yelp, Petit Futé, Sluurpy
27;osm_n5131438074;Arrivederci Pizzeria;mixte;faible;Pizzeria très fréquentée avec un volume d'avis récents très élevé, signe de forte popularité et rotation, sans indication claire sur la part de clientèle locale.;TheFork, Yelp, eatoutparis.com
28;osm_n2417976078;Mr & Mrs Crab;touristique;moyenne;Concept de plateau de fruits de mer mangé avec des gants en plastique, activement promu via du contenu TikTok orienté expérience et mukbang, profil de restaurant-évènement pour visite ponctuelle plutôt que clientèle fidélisée.;TikTok, Tripadvisor, TheFork
29;osm_n582931079;L'Annexe;je ne sais pas;faible;Bistrot régional du Périgord aux avis globalement positifs mais sans information sur les horaires ou jours de fermeture permettant de juger du modèle économique.;Tripadvisor, FoodyParis, Sluurpy
30;osm_n2868233080;L'Estrapade;local;forte;Fermé le lundi, très petit restaurant qui refuse les clients sans réservation, ambiance familiale avec hôtesse fidèle, profil de bistrot de quartier fonctionnant sur une clientèle régulière.;Yelp, Tripadvisor, Restaurant Guru
