rang;id;nom;theta;victoires;duels
1;osm_n7861045052;Khaaw Hoom;-1.9461;2;24
2;osm_n7799077047;Bicla;-1.75;1.5;24
3;osm_n7799077048;Taeng Thai;-1.7459;4;24
4;osm_n323061031;Le Bluff;-1.6844;2.5;24
5;osm_n3878917072;Pirosmani;-1.5299;3;24
6;osm_n7726922070;Sahara Café;-1.1018;5.5;24
7;osm_n8069680005;El Sur;-0.9459;4;24
8;osm_n2939348010;Brava Pizza;-0.7243;7;24
9;osm_n1667270068;Atelier Carmen;-0.5294;9;24
10;osm_n9146864043;Hon Ki;-0.5086;7;20
11;osm_n5129121010;Sushiyaki;-0.4866;10;24
12;osm_n913722029;Mexi & Co;-0.4121;6;20
13;osm_n1667270067;Hoki Sushi;-0.2811;10;24
14;osm_n8630834017;Ya Bayté by Hébé;-0.1863;11;24
15;osm_n9146864044;Le Grenier de Notre Dame;-0.1628;6.5;20
16;osm_n2868233080;L'Estrapade;-0.1614;12.5;24
17;osm_n5298105016;India StreEAT;-0.0569;10;20
18;osm_n7849213032;Bonvivant;0.0372;13.5;24
19;osm_n5129121012;La Cava Voltini;0.3619;13;24
20;osm_n5131438074;Arrivederci Pizzeria;0.4613;14;20
21;osm_n4447535029;La Ferrandaise;0.5416;17.5;24
22;osm_n5129121007;Yokorama;0.6989;17;24
23;osm_n3351649038;Crêperie des Pêcheurs;0.8109;11.5;20
24;osm_n582931079;L'Annexe;1.0183;14;20
25;osm_n1778496031;Au Père Louis;1.3673;22;24
26;osm_n4793992024;Selva;1.3827;20;24
27;osm_n2841183072;L'Époque;1.5119;22;24
28;osm_n13100711044;Arya Bhavan;1.6997;20;20
29;osm_n2417976078;Mr & Mrs Crab;2.1361;24;24
30;osm_n726579049;A Braccetto;2.1856;24;24
