id;nom;adresse;lien
osm_n1778496031;Au Père Louis;38 Rue Monsieur le Prince, 75006 Paris;https://www.google.com/maps/search/Au+P%C3%A8re+Louis+38+Rue+Monsieur+le+Prince%2C+75006+Paris
osm_n323061031;Le Bluff;267 Rue St Jacques, 75005 Paris;https://www.google.com/maps/search/Le+Bluff+267+Rue+St+Jacques%2C+75005+Paris
osm_n7849213032;Bonvivant;7 Rue des Écoles;https://www.google.com/maps/search/Bonvivant+7+Rue+des+%C3%89coles
osm_n3351649038;Crêperie des Pêcheurs;27 Rue Saint-André des Arts, 75006 Paris;https://www.google.com/maps/search/Cr%C3%AAperie+des+P%C3%AAcheurs+27+Rue+Saint-Andr%C3%A9+des+Arts%2C+75006+Paris
osm_n9146864043;Hon Ki;18 Rue de la Bûcherie, 75005 Paris;https://www.google.com/maps/search/Hon+Ki+18+Rue+de+la+B%C3%BBcherie%2C+75005+Paris
osm_n13100711044;Arya Bhavan;25 Rue Galande, 75005 Paris;https://www.google.com/maps/search/Arya+Bhavan+25+Rue+Galande%2C+75005+Paris
osm_n9146864044;Le Grenier de Notre Dame;18 Rue de la Bûcherie, 75005 Paris;https://www.google.com/maps/search/Le+Grenier+de+Notre+Dame+18+Rue+de+la+B%C3%BBcherie%2C+75005+Paris
osm_n7799077047;Bicla;46 Rue Monsieur le Prince, 75006 Paris;https://www.google.com/maps/search/Bicla+46+Rue+Monsieur+le+Prince%2C+75006+Paris
osm_n7799077048;Taeng Thai;33 Pl. Maubert, 75005 Paris;https://www.google.com/maps/search/Taeng+Thai+33+Pl.+Maubert%2C+75005+Paris
osm_n726579049;A Braccetto;19 Rue Soufflot, 75005 Paris;https://www.google.com/maps/search/A+Braccetto+19+Rue+Soufflot%2C+75005+Paris