rang;id;nom;adresse;lien;etiquette_A;confiance_A;etiquette_B;confiance_B;etiquette_C;confiance_C;etiquette_D;confiance_D;etiquette_E;confiance_E;consensus;votes;proposition_machine;accord_machine;justifications
1;osm_n8069680005;El Sur;35 Bd Saint-Germain, 75005 Paris;https://www.google.com/maps/search/El+Sur+35+Bd+Saint-Germain%2C+75005+Paris;local;moyenne;mixte;moyenne;local;moyenne;local;moyenne;local;forte;local;4/5;touristique;non;A: Vieille adresse argentine du quartier qui fait aussi office de point de ralliement de la communaute argentine de Paris, avec une epicerie de produits attenante. Ferme le dimanche a 17h, ce qui est un rythme d'habitues plus que de passage. | B: Restaurant-épicerie argentin sur un grand boulevard commerçant, se présente lui-même comme une immersion dans l'ambiance sud-américaine pour le visiteur, très forte présence et volume d'avis sur toutes les plateformes internationales, mais cuisine de viande sérieuse saluée aussi pour sa qualité propre. | C: Épicerie-restaurant argentin qui fonctionne comme un centre culturel pour la communauté latino-américaine, avec café littéraire et ciné-club réguliers, signe d'une clientèle fidèle plutôt que de passage. | D: Argentin ouvert en 2002, doublé d'une épicerie argentine (mate, dulce de leche, alfajores) et de la plus grosse cave de vins argentins de Paris, personnel argentin et chilien : le dispositif épicerie + cave est celui d'une maison qui sert d'abord une diaspora et des habitués, pas un flux de passage. Très peu de couverture presse d'un côté comme de l'autre, d'où la confiance moyenne. | E: Établissement depuis 2002 spécialisé en viandes d'Argentine, avec espace d'exposition et concerts. Clientèle établie, pas de signaux d'attrape-touristes malgré la localisation Bd Saint-Germain.
2;osm_n5129121007;Yokorama;58 Rue Monsieur le Prince, 75006 Paris;https://www.google.com/maps/search/Yokorama+58+Rue+Monsieur+le+Prince%2C+75006+Paris;local;moyenne;local;moyenne;je ne sais pas;faible;local;faible;local;forte;local;4/4;local;oui;A: Petit japonais de la rue Monsieur le Prince, une rue d'ecoles et de facs ou les etudiants de la Sorbonne mangent a midi. Service midi et soir avec coupure, format simple sans mise en scene, tres peu de presence dans les guides de visite. | B: Sur une rue connue pour son groupe de petits japonais abordables fréquentés par les étudiants du quartier, tenu par un couple, service jugé rapide et sans chichi, prix très raisonnables. | C: Un parmi plusieurs restaurants japonais similaires sur la même rue, les avis vantent la qualité mais rien ne distingue clairement le type de clientèle. | D: Japonais bon marché (ticket moyen autour de 13 €) sur une rue de facultés et de librairies entre Odéon et Luxembourg, service midi et soir avec coupure. Aucune trace dans la presse food parisienne ni dans des sélections pour visiteurs : je m'appuie seulement sur le type d'établissement et son implantation, d'où une confiance faible. | E: Restaurant japonais près Sorbonne depuis longtemps, bien noté (8.7/10 TheFork), chef expérimenté sélectionnant produits frais. Clientèle d'étudiants et résidents.
3;osm_n2939348010;Brava Pizza;38 Rue du Cardinal Lemoine, 75005 Paris;https://www.google.com/maps/search/Brava+Pizza+38+Rue+du+Cardinal+Lemoine%2C+75005+Paris;local;moyenne;mixte;faible;je ne sais pas;faible;local;moyenne;local;moyenne;local;3/4;local;oui;A: Pizzeria de rue residentielle a cote du metro Cardinal Lemoine, qui vit beaucoup de la livraison et de l'a emporter. C'est le profil d'un depannage de voisinage, pas d'une table qu'on choisit en visitant la ville. | B: Petite pizzeria de rue secondaire, avis élogieux mais génériques sur les plateformes internationales, rien de précis ne permet de distinguer une clientèle d'habitués d'un simple succès de passage. | C: Avis très contrastés, certains dithyrambiques, d'autres jugeant la cuisine fade, rien de net sur qui fréquente vraiment le lieu. | D: Pizzeria de quartier rue du Cardinal Lemoine, toute petite salle, livraison et vente à emporter, addition basse : le modèle économique (livraison + emporter dans une rue résidentielle) suppose une clientèle qui habite ou travaille à côté. Rien dans la presse, ni pour Parisiens ni pour visiteurs. | E: Petite pizzeria tenue par des propriétaires décrits comme authentiquement gentils et personnels. Pizza fraîche, produits naturels, horaires normaux midi-soir. Style resto familial.
4;osm_n5129121010;Sushiyaki;50 Rue Monsieur le Prince, 75006 Paris;https://www.google.com/maps/search/Sushiyaki+50+Rue+Monsieur+le+Prince%2C+75006+Paris;local;moyenne;local;moyenne;local;moyenne;local;faible;mixte;moyenne;local;4/5;local;oui;A: Japonais de quartier etudiant ouvert tard tous les soirs jusqu'a 0h30, y compris le dimanche soir, avec beaucoup d'a emporter et de livraison. Ce rythme correspond a des gens qui habitent ou etudient a cote. | B: Sur la même rue que Yokorama, restaurant familial tenu par un couple, accueil chaleureux, prix très raisonnables, profil de petite adresse de quartier plutôt que de vitrine touristique. | C: Petit restaurant familial tenu par un couple, ambiance chaleureuse et prix raisonnables mis en avant par plusieurs avis, modèle artisanal plutôt que flux de passage. | D: Japonais sushi-yakitori à 20-30 € rue Monsieur le Prince, ouvert tard (jusqu'à 00h30) dans le secteur des facultés. Aucun article de presse dans un sens ou dans l'autre : jugement fondé uniquement sur le type d'adresse et sa rue, donc peu assuré. | E: Sushi rue Monsieur le Prince avec horaires ultra-larges (11h-24h tous les jours). Noté 4.4-5/5 mais les horaires continus suggèrent une forte orientation touristes.
5;osm_n5129121012;La Cava Voltini;;https://www.google.com/maps/search/La+Cava+Voltini;je ne sais pas;faible;mixte;faible;je ne sais pas;faible;local;faible;local;forte;local;2/3;;;A: Italien recent de la rue Monsieur le Prince sur lequel je ne trouve rien de solide, ni presse, ni reputation installee, ni element sur qui y mange. Pas assez de matiere pour trancher honnetement. | B: Italien récent avec forte présence Instagram/Uber Eats, avis partagés sur l'authenticité des plats, rien n'indique une clientèle spécifique d'habitués ou de passage. | C: Aucune information sur les horaires, jours de fermeture ou la nature de la clientèle, seulement des avis positifs génériques sur la cuisine italienne. | D: Petit italien de la rue Monsieur le Prince, ticket autour de 24 €, jeune chef, réservations TheFork et livraison Uber Eats. Le canal livraison plaide pour une clientèle de proximité, mais aucune couverture éditoriale ne vient le confirmer. | E: Restaurant italien 54 rue Monsieur le Prince, 9.2/10 avec 239 avis, nourriture fraîche, vin, jazz. Établissement authentique et accueillant, non commercial.
6;osm_n5298105016;India StreEAT;105 Rue Monge, 75005 Paris;https://www.google.com/maps/search/India+StreEAT+105+Rue+Monge%2C+75005+Paris;local;moyenne;local;moyenne;local;moyenne;local;moyenne;mixte;forte;local;4/5;local;oui;A: Ferme le dimanche et le lundi, avec un service de midi et un service du soir separes, ce qui est le rythme d'une adresse qui compte sur les gens du coin. Position sur le haut de la rue Monge, tres residentielle, et reputation construite aupres des Parisiens. | B: Concept porté par une histoire personnelle du fondateur, fermé le dimanche et le lundi ce qui est atypique pour une adresse qui viserait le flux touristique du week-end, notes très élevées et régulières plutôt que pic ponctuel. | C: Décrit comme l'un des restaurants les plus en vogue du moment sur TheFork, plateforme de réservation surtout utilisée par des Parisiens, avec un patron nommé et une clientèle apparemment fidélisée. | D: Street food indienne ouverte en 2019 rue Monge côté Censier-Daubenton, fermée le lundi, avec livraison Deliveroo sur la zone Monge/Jardin des Plantes. Une adresse qui livre dans son propre quartier et ferme un jour par semaine travaille d'abord pour des habitants. | E: Street food indien gourmet, fondateur avec histoire charité en Inde, 9.6/10 TheFork, très tendance. Concept légitime mais concept 'street food' attire aussi touristes, ouvert midi-soir/fermé certains jours = filtrage.
7;osm_n8630834017;Ya Bayté by Hébé;1 Rue des Grands Degrés, 75005 Paris;https://www.google.com/maps/search/Ya+Bayt%C3%A9+by+H%C3%A9b%C3%A9+1+Rue+des+Grands+Degr%C3%A9s%2C+75005+Paris;mixte;moyenne;mixte;faible;local;moyenne;local;moyenne;local;forte;local;3/5;local;oui;A: Enseigne de street food libanaise montee par les gens derriere Hebe et Didon, donc une vraie marque parisienne suivie par les amateurs de la ville. Mais le format comptoir a emporter ouvert 12h-23h sur un axe tres passant lui apporte aussi beaucoup de clientele de passage. | B: Petite adresse de street-food libanaise, format plutôt pensé pour la vente à emporter selon les avis, portée par un groupe de restaurateurs qui a plusieurs adresses, pas de signal net sur le type de clientèle. | C: Petit comptoir de vente à emporter, mezze et sandwichs, places limitées, reconnu par la presse gastronomique pour ses sandwichs plutôt que par des guides touristiques. | D: Table libanaise de la maison Kanaan (déjà Hébé et Didon) avec le chef Karim Haidar, chroniquée par Gault&Millau : c'est une adresse suivie par la presse gastronomique francophone, celle qui écrit pour des gens qui vivent ici, et absente des sélections de visite. | E: Street food libanais par Carole et Imad Kanaan (gèrent aussi Hébé et Didon). Cuisine charbon frais, ingrédients authentiques, horaires fragmentés (fermé midi certains jours). Établissement établi.
8;osm_n4793992024;Selva;22 Rue du Sommerard, 75005 Paris;https://www.google.com/maps/search/Selva+22+Rue+du+Sommerard%2C+75005+Paris;local;moyenne;mixte;moyenne;mixte;faible;local;moyenne;local;forte;local;3/5;;;A: Table peruvienne signee d'un chef, fermee dimanche et lundi, avec des privatisations et des repas d'affaires. C'est une adresse qu'on va chercher en tant que Parisien, pas une table qu'on pousse en passant. | B: Restaurant de chef (cuisine péruvienne-colombienne-nikkei) très bien classé parmi tous les restaurants de Paris, fermé plusieurs jours par semaine et sans service continu, profil de destination gastronomique plutôt que de restaurant de flux, mais réputation assez large pour aussi attirer des visiteurs informés. | C: Restaurant de chef avec jours et horaires limités, fermé certains jours, pas de service continu, ce qui suggère une clientèle de réservation plutôt que de passage, mais sa notoriété gastronomique peut aussi attirer des touristes gourmets. | D: Péruvien du chef Felipe Camargo, repéré par Sortiraparis (média d'agenda parisien), fermé dimanche et lundi, service en créneaux serrés midi et soir. Fermeture de week-end et service sur réservation : le rythme d'une table qu'on choisit, pas d'une table qu'on croise. | E: Restaurant franco-latino sud-américain near musée Cluny, chef Felipe Camargo, cuisine sérieuse avec oven bois, fermé dim-lun = peu d'accueil touristes de weekend. Établissement légitime.
9;osm_n4447535029;La Ferrandaise;8 Rue de Vaugirard, 75006 Paris;https://www.google.com/maps/search/La+Ferrandaise+8+Rue+de+Vaugirard%2C+75006+Paris;local;forte;local;moyenne;local;forte;local;forte;local;forte;local;5/5;mixte;non;A: Prix Lebey du meilleur bistrot parisien et titre de Maitre Restaurateur, c'est-a-dire une reconnaissance venue du milieu parisien lui-meme. Fermeture le dimanche et le lundi midi, formule du midi a 20 euros orientee vers les gens qui travaillent autour. | B: Bistrot traditionnel labellisé Maître Restaurateur et reconnu par le Gault&Millau (critique gastronomique française, pas un guide touristique), produits bio et race Ferrandaise revendiqués, ambiance de bistrot chaleureux établi. | C: Reconnue par les guides Gault&Millau et Lebey, critique gastronomique française, pas par des guides touristiques, spécialités de terroir, veau de Ferrandaise, fromages d'Auvergne. | D: Référencée chez Lebey (le guide des bistrots écrit pour les Parisiens) et chez Paris-Bistro, élue table Gault&Millau 2025 et 2026, fermée le dimanche et le lundi midi. Cumul d'une reconnaissance par la presse d'habitants et d'un calendrier d'ouverture typiquement local. | E: Restaurant français haut de gamme, Gault Millau 2025-2026, viandes Ferrandaise et fromages Auvergne. Établissement sérieux depuis longtemps, clientèle gastronome, fermé certains jours.
10;osm_n913722029;Mexi & Co;10 Rue Dante, 75005 Paris;https://www.google.com/maps/search/Mexi+%26+Co+10+Rue+Dante%2C+75005+Paris;local;moyenne;mixte;faible;mixte;faible;local;forte;local;forte;local;3/5;touristique;non;"A: Epicerie-cantine mexicaine devenue une reference pour la communaute mexicaine de Paris et pour les Parisiens, relayee par la presse locale. Le refus de la carte bancaire est un detail qui dit assez qu'on ne cherche pas le client de passage. | B: Petit resto mexicain très kitsch et festif, prix très accessibles appréciés surtout pour l'ambiance, avis partagés sur l'authenticité de la cuisine, profil de petite adresse conviviale plutôt que piège à touristes organisé, mais rien ne prouve une base d'habitués. | C: Petit établissement bon marché et casual, couvert par un blog lifestyle parisien, mais son emplacement central et son concept accessible peuvent aussi bien attirer une clientèle de passage. | D: Recommandé par Time Out Paris en français, ParisBouge, Les Petites Tables et Parisianavores, soit exactement la presse et les blogs qui s'adressent à des habitants. Double activité restaurant-épicerie mexicaine, addition sous 10 €, espèces uniquement : une clientèle d'étudiants et d'habitués. | E: Petit resto mexicain ""típica"", paiement cash/chèque seulement (pas carte = pas tourisme mass). Atmosphère festive authentique, margarita 11€ = tarif local. Mini-établissement familial."
11;osm_n1778496031;Au Père Louis;38 Rue Monsieur le Prince, 75006 Paris;https://www.google.com/maps/search/Au+P%C3%A8re+Louis+38+Rue+Monsieur+le+Prince%2C+75006+Paris;mixte;moyenne;local;forte;mixte;moyenne;local;moyenne;local;forte;local;3/5;touristique;non;"A: Vrai bistrot a patronne, historiquement frequente par les etudiants et les profs de la Sorbonne, et suivi par la critique parisienne. Mais l'ouverture 7j/7 jusqu'a 1h et le tres gros volume d'avis sur les plateformes de voyageurs indiquent une part importante de visiteurs. | B: Bar à vins bistrot ancien salué par un critique gastronomique français reconnu (Gilles Pudlowski) pour sa gentillesse et son atmosphère parisienne authentique, plusieurs petites salles dans un décor traditionnel, signal de presse locale sérieuse plutôt que guide touristique. | C: Salué par le critique gastronomique Gilles Pudlowski comme un bistrot exemplaire, mais horaires très larges et continus, onze heures à une heure du matin tous les jours, qui suggèrent aussi une activité de flux. | D: Chroniqué par Gilles Pudlowski, présent chez Paris-Bistro et ParisGourmand qui en parle comme d'un bistrot exemplaire : couverture typiquement francophone destinée à des Parisiens. Je retiens la confiance moyenne parce que l'ouverture 7 jours sur 7 jusqu'à 1 h suppose aussi une part de passage. | E: Bistrot-bar à vin rue Monsieur le Prince, blog Gilles Pudlowski le qualifie ""la gentillesse du Père Louis"". Charcuterie 15€, formule 19.90€. Vrai bistrot de quartier."
12;osm_n323061031;Le Bluff;267 Rue St Jacques, 75005 Paris;https://www.google.com/maps/search/Le+Bluff+267+Rue+St+Jacques%2C+75005+Paris;local;moyenne;touristique;moyenne;local;forte;je ne sais pas;faible;mixte;moyenne;local;2/4;local;oui;A: Situe sur le bas de la rue Saint-Jacques, loin des parcours de visite, ferme le dimanche et n'ouvrant le samedi qu'a 16h. Ce calendrier est celui d'une adresse qui vit de la semaine, donc des gens qui travaillent et habitent autour. | B: Bar à tapas très récent qui met en avant sur sa propre communication le fait que l'anglais y est parlé, signal explicite d'un établissement qui s'adresse en priorité à une clientèle non francophone de passage. | C: Fermé le dimanche, cuisine maison à petits prix mise en avant par un ancien critique culinaire, profil classique de bar à tapas de quartier. | D: Bar à tapas ouvert en juillet 2025 dans le haut de la rue Saint-Jacques, aucune couverture presse encore, aucune présence dans des sélections de visite non plus. Établissement trop récent pour que quoi que ce soit ait été écrit dessus : rien ne permet de trancher. | E: Bar à tapas moderne rue St-Jacques avec tapas tendance (confit duck nems, truffle croques). Ouvert lun-ven 11h30-24h, sam 16h-24h. Positionnement restaurant/bar = attirance touristes probable.
13;osm_n7849213032;Bonvivant;7 Rue des Écoles;https://www.google.com/maps/search/Bonvivant+7+Rue+des+%C3%89coles;local;moyenne;local;faible;je ne sais pas;faible;local;forte;local;forte;local;4/4;mixte;non;"A: Bar a vins bistrot repere comme bistrot du mois par la critique parisienne, ouvert en continu de 9h a 2h avec une vraie vie de comptoir. La clientele decrite est celle d'un quartier universitaire et residentiel cote Jussieu. | B: Bar à vins porté par un restaurateur parisien reconnu (Julien Fouin, aussi derrière Ground Control), ouvert de 9h à 2h avec un usage café/apéro au fil de la journée typique d'habitués du quartier, mais la notoriété du groupe peut aussi attirer des visiteurs. | C: Bar à vins animé avec terrasse, aucune information trouvée sur les horaires ou jours de fermeture permettant de juger du modèle économique. | D: Élu Bistrot du Mois par Gilles Pudlowski, tenu par Julien Fouin, ancien journaliste gastronomique déjà derrière Jaja, Glou et Ground Control. Les comptes rendus décrivent les étudiants de Jussieu qui remplissent la salle entre midi et deux : clientèle de quartier documentée. | E: Bistrot par Julien Fouin (ancien journaliste gastronomique, fondateur Jaja, Grand Cœur). Blog Gilles Pudlowski le nomme ""Sacré Bonvivant"". Cuisine ""hier revisitée"". Établissement gastronomique sérieux."
14;osm_n3351649038;Crêperie des Pêcheurs;27 Rue Saint-André des Arts, 75006 Paris;https://www.google.com/maps/search/Cr%C3%AAperie+des+P%C3%AAcheurs+27+Rue+Saint-Andr%C3%A9+des+Arts%2C+75006+Paris;touristique;moyenne;touristique;moyenne;touristique;moyenne;touristique;moyenne;local;forte;touristique;4/5;mixte;non;A: Adresse de la rue Saint-Andre des Arts, une artere pietonne de flux ou les gens entrent en marchant, ouverte tous les jours midi et soir avec un tres gros volume d'avis pour une note mediocre. Plusieurs retours signalent une baisse depuis un changement de gestion, ce qui est typique d'un lieu qui n'a pas besoin de fideliser. | B: Institution ouverte depuis 1981 sur une rue connue pour aligner plusieurs crêperies quasi identiques se disputant le badaud, format et decor typique de ce type de rue à forte concurrence de vitrine plutôt qu'une adresse d'habitués. | C: Institution depuis 1981 sur une rue de restaurants très fréquentée par les visiteurs, avis en baisse et mitigés qui suggèrent une clientèle davantage de passage que d'habitués fidèles. | D: Sur son propre site, en anglais, la maison se vend par sa position à deux pas des lieux de visite : sa ligne s'adresse à des visiteurs. Et malgré 45 ans d'existence sur une artère centrale, aucune trace dans la presse food parisienne, ce qui pour une adresse aussi ancienne et aussi visible est en soi parlant. | E: Crêperie depuis 1981 (40+ ans d'existence), institution rue Saint-André des Arts, produits organiques/artisanaux. Tradition établie, pas l'apparence d'un piège.
15;osm_n9146864043;Hon Ki;18 Rue de la Bûcherie, 75005 Paris;https://www.google.com/maps/search/Hon+Ki+18+Rue+de+la+B%C3%BBcherie%2C+75005+Paris;local;moyenne;local;moyenne;local;forte;local;moyenne;mixte;moyenne;local;4/5;mixte;non;A: Toute petite adresse japonaise ouverte surtout le midi du lundi au samedi, avec des bentos a emporter et un simple numero de portable comme contact. Ce fonctionnement vise les gens qui travaillent ou vivent autour, pas les diners du soir des visiteurs. | B: Petit japonais à bento, horaires très restreints (fermé le dimanche, soir seulement vendredi et samedi), format qui correspond à une clientèle de déjeuner de bureau/quartier plutôt qu'à un flux touristique quotidien. | C: Fermé le dimanche et horaires resserrés, service du soir seulement vendredi-samedi, profil typique d'une petite adresse pour une clientèle de quartier plutôt que de flux touristique. | D: Petit japonais de bentos, essentiellement ouvert le midi et fermé le soir sauf vendredi et samedi : une amplitude taillée pour la pause déjeuner des gens qui travaillent ou étudient autour, pas pour un dîner de visite. | E: Restaurant japonais 18 rue Bûcherie. Bento boxes authentiques, bon marché (15-30€). MAIS rue de la Bûcherie est rue ultra-touristique face Notre-Dame. Horaires limités (fermé dim) suggère pas full-tourisme.
16;osm_n13100711044;Arya Bhavan;25 Rue Galande, 75005 Paris;https://www.google.com/maps/search/Arya+Bhavan+25+Rue+Galande%2C+75005+Paris;mixte;faible;local;moyenne;local;moyenne;mixte;moyenne;local;forte;local;3/5;local;oui;A: Antenne d'une maison tamoule dont le coeur est du cote de La Chapelle et Gare du Nord, avec un traiteur pour les mariages et les fetes de la communaute, ce qui est un ancrage reel. Mais cette succursale est implantee sur une rue de passage dense, donc la clientele y est forcement melangee, et je manque d'elements propres a ce point de vente. | B: Restaurant indien végétarien appartenant à une petite chaîne communautaire (Nagerkovil Arya Bhavan) avec une implantation près des points d'ancrage de la diaspora, avis décrivant explicitement une expérience jugée authentique et non touristique. | C: La presse spécialisée mentionne explicitement une clientèle fidèle malgré un service inégal, signe d'habitués plutôt que de visiteurs de passage. | D: Succursale de l'enseigne tamoule Nagerkovil Arya Bhavan, dont la maison mère est Gare du Nord, au cœur du quartier tamoul : un ancrage communautaire réel. Mais la page consacrée à cette adresse est rédigée en anglais et se présente par la proximité des lieux de visite, signe que la succursale vise aussi un autre public. | E: Restaurant végétarien indien du sud depuis chaîne Nagerkovil mais vrai authentique, 25 rue Galande, dosa crispy, catering mariage. Positif sur HappyCow. Nourriture sérieuse, pas piège.
17;osm_n9146864044;Le Grenier de Notre Dame;18 Rue de la Bûcherie, 75005 Paris;https://www.google.com/maps/search/Le+Grenier+de+Notre+Dame+18+Rue+de+la+B%C3%BBcherie%2C+75005+Paris;mixte;moyenne;local;forte;mixte;forte;mixte;moyenne;local;forte;mixte;3/5;touristique;non;A: Maison familiale depuis 1978, aujourd'hui tenue par le petit-fils du fondateur, avec les memes producteurs et des clients qui disent y revenir depuis des annees. Mais c'est aussi une etape obligee de tous les guides vegetariens pour visiteurs, ouverte 7j/7 en continu, donc une part de sa salle viendrait a manquer. | B: Premier restaurant végétarien de Paris, ouvert depuis 1978, statut de pionnier historique et non de concept marketing récent, longévité et décor qui témoignent d'un ancrage réel plutôt que d'un effet de mode touristique. | C: Institution végétarienne depuis 1978 explicitement décrite comme devenue incontournable pour les locaux et les touristes. | D: Première table végétarienne de Paris, ouverte en 1978 et tenue par la même famille sur trois générations, citée par ParisGourmand et les guides de restaurants francophones : c'est une institution du végétarisme parisien. Mais l'ouverture continue 7 jours sur 7 de midi à 23 h et sa notoriété dans les guides végé internationaux traduisent une clientèle double. | E: Premier restaurant végétarien Paris 1978 (48 ans). 4.3 étoiles 1560 avis, cassoulet vegan renommé, ingrédients organiques. Établissement culte et respecté.
18;osm_n7799077047;Bicla;46 Rue Monsieur le Prince, 75006 Paris;https://www.google.com/maps/search/Bicla+46+Rue+Monsieur+le+Prince%2C+75006+Paris;local;moyenne;local;moyenne;local;moyenne;local;moyenne;local;forte;local;5/5;local;oui;A: Ouvert seulement du mercredi au samedi, midi et soir, avec une formule du midi a 20 euros et une cuisine mexicaine portee par un chef. Fermer trois jours par semaine est incompatible avec un modele qui dependrait du flux de visiteurs. | B: Restaurant mexicain gastronomique de chef, ouvert seulement quatre jours par semaine sur réservation, ambiance décrite comme intime et romantique, profil de petite adresse de destination plutôt que de restaurant capté par le flux de passage. | C: Ouvert seulement quatre jours par semaine, mercredi à samedi, avec formule déjeuner et petite carte de saison, profil de petit restaurant de réservation plutôt que de passage. | D: Table mexicaine d'auteur du chef Othoniel Álvarez Castañeda, ouverte seulement du mercredi au samedi, midi et soir, avec un dîner qui s'arrête à 21h30 et des formules déjeuner autour de 20-25 €. Quatre jours d'ouverture et une salle qui se réserve : on y va exprès, on ne la croise pas. Chroniquée par La Revue des Restaurants. | E: Restaurant mexicain chef Othoniel Alvarez Castaneda, cuisine mexicaine authentique révisitée. Ouvert mer-sam 12-14h30 et 19-21h30 = horaires limités = poco tourisme mass. Formule 20-25€.
19;osm_n7799077048;Taeng Thai;33 Pl. Maubert, 75005 Paris;https://www.google.com/maps/search/Taeng+Thai+33+Pl.+Maubert%2C+75005+Paris;local;moyenne;local;faible;mixte;faible;mixte;faible;mixte;forte;mixte;3/5;touristique;non;"A: Thai installe sur la place Maubert, une place de marche avec une vraie vie de quartier, petite salle avec un etage et reservation conseillee. La reputation est celle d'une bonne adresse thaie de Paris, portee par des habitues plutot que par le passage. | B: Restaurant thaï traditionnel familial, fermé le dimanche, bonnes critiques régulières sans signe de marketing touristique particulier, mais peu d'éléments permettent de trancher fermement. | C: A remplacé un restaurant vietnamien tenu au même endroit pendant plus de 40 ans, mais aucune information sur les horaires ou jours de fermeture pour trancher. | D: Ancien vietnamien de quarante ans place Maubert, passé au thaï en 2018, site en français, salle à l'étage et terrasse présentée comme à l'écart du passage. Aucune couverture presse pour trancher, et une implantation de place de marché qui brasse des deux côtés. | E: Restaurant thaï Place Maubert 8.9/10 TheFork, 4.7/5 sur 289 avis, cuisine traditionnelle. MAIS Place Maubert zone touristique et ""à 5 min Notre-Dame"" est marketé. Bonne cuisine mais location sensible."
20;osm_n726579049;A Braccetto;19 Rue Soufflot, 75005 Paris;https://www.google.com/maps/search/A+Braccetto+19+Rue+Soufflot%2C+75005+Paris;mixte;moyenne;touristique;moyenne;mixte;faible;mixte;moyenne;mixte;forte;mixte;4/5;local;non;A: Grande terrasse sur la rue Soufflot avec service continu de 9h ou 10h jusqu'a 2h du matin tous les jours, brunch et cocktails, et une communication tournee vers la dolce vita et les reseaux sociaux. Ce format capte beaucoup de passage, meme si les etudiants et les gens du quartier y vont aussi. | B: Italien avec site dédié en anglais, mis en avant par des vidéos TikTok d'influenceurs, thématisation appuyée « Dolce Vita », service continu jusqu'à 2h du matin avec brunch et cocktails, autoprésentation clairement tournée vers une clientèle de visiteurs et de réseaux sociaux. | C: Restaurant italien avec formule brunch, habitude plutôt parisienne le week-end, mais rien de précis sur la nature de la clientèle habituelle. | D: Référencé d'abord par parisjetaime.com, le site de l'office de tourisme, et par un blog d'hôtels destiné à des voyageurs : la ligne des médias qui en parlent vise des visiteurs. En face, le service continu de 9-10 h à 2 h du matin tous les jours, avec brunch et cocktails, capte aussi une clientèle d'étudiants et de bureaux du secteur. | E: Restaurant italien 19 rue Soufflot, pâtes fraîches matin, pizzas napolitaines daily. MAIS ouvert lun-ven 10h-2h, sam-dim 9h-2h = horaires continus touriste. Cuisine authentique mais positionnement attraction.
21;osm_n7861045052;Khaaw Hoom;42 Rue des Boulangers, 75005 Paris;https://www.google.com/maps/search/Khaaw+Hoom+42+Rue+des+Boulangers%2C+75005+Paris;local;forte;je ne sais pas;faible;local;forte;local;moyenne;local;forte;local;4/4;mixte;non;A: Tres petite salle dans la rue des Boulangers, une rue calme derriere Jussieu ou personne ne passe par hasard, fermee le dimanche, avec deux services separes. Tout le modele repose sur des gens qui reviennent. | B: Restaurant thaï bien noté mais sans aucun élément distinctif trouvé permettant de juger le profil réel de la clientèle (ni presse locale, ni signal de marketing touristique, ni ancienneté ou histoire particulière). | C: Petit restaurant thaï familial, le patron fait lui-même le service, fermé le dimanche, profil artisanal de quartier. | D: Toute petite thaïlandaise de la rue des Boulangers, derrière Jussieu, fermée le dimanche, service en deux coupures, patron en salle. Rue sans passage et rythme d'ouverture classique de quartier : la salle se remplit avec ce qui vit autour. | E: Petit restaurant thaï 42 rue Boulangers, bon rapport qualité-prix, avis positifs, cuisine thaïe authentique, horaires normaux. Accès métro Cardinal Lemoine = clientèle de quartier résidents.
22;osm_n1667270067;Hoki Sushi;;https://www.google.com/maps/search/Hoki+Sushi;mixte;faible;je ne sais pas;faible;je ne sais pas;faible;local;moyenne;touristique;moyenne;contesté;1/3;;;A: Enseigne a plusieurs adresses dans Paris proposant du sushi a volonte, implantee ici dans une rue qui melange etudiants, habitants du 5e et visiteurs. Le format buffet marche autant avec les etudiants qu'avec le passage, et je n'arrive pas a dire lequel domine. | B: Format buffet japonais à volonté, générique par nature, potentiellement fréquenté aussi bien par des étudiants du quartier en quête de prix bas que par des visiteurs en quête d'une expérience, aucun élément ne permet de trancher. | C: Aucune adresse fournie et plusieurs établissements Hoki Sushi différents trouvés à Paris, Les Halles, Passy, impossible d'identifier avec certitude celui du Quartier latin. | D: Japonais à volonté rue du Pot de Fer, décrit comme fréquenté par des familles, des étudiants et des bandes de copains, avec plus de 750 avis. La formule à volonté est un produit d'habitués et de groupes qui reviennent, pas de visiteurs de passage. | E: Chaîne avec plusieurs locations (Quartier Latin, Halles, Passy, etc). Formule all-you-can-eat 15.80€ = format piège à touristes typique. Avis mitigés mentionnent qualité faible sur all-you-can-eat.
23;osm_n1667270068;Atelier Carmen;5 Rue du Pot de Fer, 75005 Paris;https://www.google.com/maps/search/Atelier+Carmen+5+Rue+du+Pot+de+Fer%2C+75005+Paris;local;moyenne;mixte;faible;mixte;faible;local;moyenne;local;forte;local;3/5;;;A: Il s'agit de l'Atelier Carnem, une table de viande ouverte uniquement le soir, sans service du midi, avec un ticket moyen eleve et une reservation quasi obligatoire. On y va de facon deliberee, en tant que Parisien, pour une soiree - ce n'est pas une adresse de flanerie. | B: Steakhouse haut de gamme (viandes importées du monde entier), petite salle calme ouverte seulement le soir du mardi au samedi, format de dîner réservé qui peut attirer aussi bien des habitués aisés du quartier que des visiteurs en quête de gastronomie. | C: Steakhouse haut de gamme se présentant comme une gemme confidentielle, mais le prix élevé et la viande importée du monde entier peuvent aussi bien attirer une clientèle touristique gastronomique. | D: Correspond à l'Atelier Carnem, table de viande à carte très courte, ouverte le soir uniquement du mardi au samedi, addition autour de 90 €, repérée par Sortiraparis et Gayot. Quatre soirs par semaine, réservation et ticket élevé : une destination qu'on décide, pas une halte. | E: Steakhouse 5 rue Pot de Fer spécialisé viandes exception breed, 36 mois Bellota ham, Wagyu, cave à vin. Ouvert mar-sam 19-24h SEULEMENT = zero tourisme midi. Établissement haut de gamme.
24;osm_n7726922070;Sahara Café;12 Rue de l'Éperon, 75006 Paris;https://www.google.com/maps/search/Sahara+Caf%C3%A9+12+Rue+de+l%27%C3%89peron%2C+75006+Paris;local;moyenne;mixte;faible;mixte;moyenne;local;moyenne;mixte;faible;mixte;3/5;touristique;non;A: Bar a chicha libanais ouvert de 15h a minuit, avec musique arabe et carte halal. Ce type de lieu vit d'une clientele parisienne et etudiante qui vient s'installer pour la soiree, pas de gens qui visitent la ville. | B: Salon de chicha libanais/oriental avec musique arabe et décor marocain, genre d'établissement habituellement fréquenté par un mélange d'étudiants du quartier et de visiteurs en quête de l'expérience chicha, rien de décisif dans les avis. | C: Bar à chicha ouvert tous les jours de 15h à 2h du matin, horaires larges typiques d'un flux de passage nocturne plutôt que d'une clientèle de bureau fidélisée. | D: Bar à chicha libanais ouvert de 15 h à minuit, musique orientale, halal, quasiment invisible dans les guides de visite (une douzaine d'avis voyageurs seulement) et animé via ses comptes sociaux. Un chicha fonctionne sur des habitués qui reviennent le soir. | E: Café chicha lounge 12 rue Éperon, musique orientale, libanais/méditerranéen. MAIS chicha lounge = culture de nuit touriste. Ouvert 15-2h. Formule chicha lounge attire international et touristes. Impossible à trancher.
25;osm_n2841183072;L'Époque;;https://www.google.com/maps/search/L%27%C3%89poque;local;moyenne;local;faible;je ne sais pas;faible;mixte;faible;local;forte;local;3/4;;;A: Petit bistrot des annees 1930 du cote de la Contrescarpe, decor d'origine conserve, cuisine simple de tartares et de burgers entre 10 et 19 euros. C'est exactement le genre d'endroit ou l'on va un mardi soir sans y penser. | B: Bistrot parisien dans un bâtiment préservé des années 1930, ambiance décrite comme authentique et conviviale par les avis, mais l'adresse exacte trouvée en recherche ne correspond pas totalement à celle attendue, ce qui limite la confiance. | C: Adresse absente et plusieurs établissements du même nom trouvés à Paris, impossible de confirmer avec certitude lequel correspond à cette entrée. | D: Bistrot du haut de la rue du Cardinal Lemoine, tartares et burgers entre 10 et 19 €, présent sur les annuaires francophones de quartier mais sans aucun article de fond. Gamme et style plaident pour une clientèle d'habitués, l'implantation près de la Contrescarpe pour une part de passage : je ne peux pas trancher au-delà. | E: Bistrot français années 1930 81 rue Cardinal Lemoine, tartares et tarte tatin, 10-19€. Petit établissement charming preservé, fermé dim-août = horaires très locaux. Vrai bistrot de quartier ancien.
26;osm_n3878917072;Pirosmani;6 Rue Boutebrie, 75005 Paris;https://www.google.com/maps/search/Pirosmani+6+Rue+Boutebrie%2C+75005+Paris;local;moyenne;local;moyenne;local;moyenne;local;moyenne;local;forte;local;5/5;local;oui;A: Georgien tenu par son proprietaire georgien depuis la fin des annees 1990, toute petite salle ou il vaut mieux reserver, formule du midi a 10 euros. Il est suivi depuis longtemps par des blogs de cuisine francais qui le traitent comme une adresse de fidelite. | B: Restaurant géorgien ouvert depuis la fin des années 1990 par un restaurateur d'origine russo-géorgienne, petite salle, spécialité de niche qui suppose une clientèle d'amateurs plutôt qu'un flux de passage généraliste. | C: Restaurant géorgien tenu par des Géorgiens depuis la fin des années 1990, cuisine communautaire authentique avec portions généreuses, profil similaire à un restaurant ethnique de quartier. | D: Géorgien ouvert à la fin des années 1990 par Serge Ossipov, chroniqué par le blog Gourmandise sans frontières et référencé sur ParisBouge, l'agenda des sorties parisiennes. Longévité de près de trente ans et couverture exclusivement francophone destinée à des habitants. | E: Restaurant géorgien depuis fin 1990s fondé par Serge Ossipov (Georgian ex-Moscou), 8.3/10 TheFork, khachapuri et khartcho authentiques. Établissement établi, cuisine spécialisée pas mainstream.
27;osm_n5131438074;Arrivederci Pizzeria;47 Rue Gay-Lussac, 75005 Paris;https://www.google.com/maps/search/Arrivederci+Pizzeria+47+Rue+Gay-Lussac%2C+75005+Paris;local;moyenne;mixte;faible;mixte;faible;local;moyenne;local;forte;local;3/5;mixte;non;A: Rue Gay-Lussac, un axe residentiel et etudiant a l'ecart des parcours de visite, avec une deuxieme adresse a Bastille. Service midi et soir avec coupure, ce qui suppose une clientele qui revient plutot qu'un flux continu. | B: Trattoria italienne au décor traditionnel, produits importés d'Italie, très forte notoriété (des milliers d'avis) sans aucun signal marketing ostensiblement tourné vers les visiteurs, mais la popularité est trop large pour trancher. | C: Pizzeria très fréquentée avec un volume d'avis récents très élevé, signe de forte popularité et rotation, sans indication claire sur la part de clientèle locale. | D: Pizzeria napolitaine ouverte en 2017, qui a depuis ouvert une seconde adresse à Bastille, avec réservation par créneaux horaires et plus de 7 000 avis. Développer un deuxième point de vente dans un quartier sans tourisme et travailler sur réservation sont des marques de clientèle fidélisée. | E: Pizzeria italienne fondée 2017, 9.4/10 avec 7278 avis, San Marzano, mozzarella buffalo, tout fait maison. Horaires normaux 12-14h30 et 19-22h30. Pizzeria sérieuse, pas chain.
28;osm_n2417976078;Mr & Mrs Crab;20 Rue de la Huchette, 75005 Paris;https://www.google.com/maps/search/Mr+%26+Mrs+Crab+20+Rue+de+la+Huchette%2C+75005+Paris;mixte;moyenne;touristique;forte;touristique;moyenne;mixte;faible;touristique;moyenne;touristique;3/5;touristique;oui;A: Le concept de seafood boil est porte par une grosse communaute TikTok francophone, avec des influenceurs food parisiens qui s'y filment - donc une vraie clientele de jeunes Parisiens qui font le deplacement. Mais l'implantation sur une rue pietonne de flux, ouverte de midi a minuit tous les jours, ajoute une part de passage importante. | B: Concept de plateau de fruits de mer à manger avec les mains sous tablier, mise en avant massive par des vidéos TikTok d'influenceurs taguant l'adresse, autoprésentation et stratégie de visibilité clairement construites pour attirer un public de passage en quête d'expérience à partager. | C: Concept de plateau de fruits de mer mangé avec des gants en plastique, activement promu via du contenu TikTok orienté expérience et mukbang, profil de restaurant-évènement pour visite ponctuelle plutôt que clientèle fidélisée. | D: Seafood boil cajun récent, sans réservation à partir de 19 h, ouvert jusqu'à minuit. Sa communication passe par TikTok avec des créateurs francophones, ce qui vise clairement un public francilien jeune, mais l'adresse est sur une artère de passage permanent : les deux publics se superposent. | E: Restaurant fruits de mer cajun 20 rue Hucherie (rue NOTOIRE piège touristes). Ouvert 12-24h TOUS LES JOURS = clientèle touristes. 8.2/10 mais location disqualifie = attraction = touristes.
29;osm_n582931079;L'Annexe;22 Rue des Écoles, 75005 Paris;https://www.google.com/maps/search/L%27Annexe+22+Rue+des+%C3%89coles%2C+75005+Paris;mixte;moyenne;local;faible;je ne sais pas;faible;mixte;moyenne;local;forte;contesté;2/4;;;"A: Annexe de la brasserie La Petite Perigourdine d'en face, carte de brasserie classique, sur un carrefour tres passant. Le lieu tient a la fois de la cantine des facs et des bureaux du coin et de l'arret de flux, avec un tres gros volume d'avis pour une adresse de cette taille. | B: Annexe d'un bistrot parisien établi, ouvert tôt le matin pour le petit-déjeuner tous les jours, horaire qui suggère un usage quotidien par des habitués du quartier plutôt qu'un usage de visiteurs, mais peu d'autres éléments distinctifs. | C: Bistrot régional du Périgord aux avis globalement positifs mais sans information sur les horaires ou jours de fermeture permettant de juger du modèle économique. | D: Annexe de la brasserie La Petite Périgourdine, carte française traditionnelle entre 15 et 30 €, service continu du petit-déjeuner au dîner sur la rue des Écoles. La formule brasserie ouverte en continu sur une grande artère mélange par construction le public des facultés et celui qui passe. | E: Brasserie française ""Annexe Petite Périgourdine"" 22 rue Écoles near Sorbonne, 84/100 Sluurpy. Ouvert 7-23h30. Établissement complet de quartier pour petit-déj à dîner."
30;osm_n2868233080;L'Estrapade;15 Rue de l'Estrapade, 75005 Paris;https://www.google.com/maps/search/L%27Estrapade+15+Rue+de+l%27Estrapade%2C+75005+Paris;local;forte;local;moyenne;local;forte;local;moyenne;local;forte;local;5/5;;;"A: Bistrot minuscule dans une rue en retrait, tenu par ses proprietaires, carte courte et faite maison, ferme le dimanche et le lundi. Les retours insistent sur l'accueil des patrons et le rapport qualite-prix, ce qui est la signature d'une clientele qui revient. | B: Petit bistrot tenu par trois jeunes, avis décrivant explicitement « tout ce qu'un petit restaurant de quartier parisien devrait être », cuisine traditionnelle généreuse à prix raisonnable, bon classement général stable. | C: Fermé le lundi, très petit restaurant qui refuse les clients sans réservation, ambiance familiale avec hôtesse fidèle, profil de bistrot de quartier fonctionnant sur une clientèle régulière. | D: Très petit bistrot d'une rue calme, fermé le dimanche et le lundi, réservation indispensable sous peine d'être refusé, carte courte de classiques (oeuf mayo, bourguignon, cochon de lait). Une salle minuscule qui se remplit sur réservation deux jours fermés par semaine vit de gens qui reviennent. | E: Bistrot français 15 rue Estrapade décrit comme ""Everything that a small neighborhood Paris restaurant should be"". 4.8/5 avec 983 avis, cuisine française authentique, intime."
