rang;id;nom;adresse;lien
1;osm_n8069680005;El Sur;35 Bd Saint-Germain, 75005 Paris;https://www.google.com/maps/search/El+Sur+35+Bd+Saint-Germain%2C+75005+Paris
2;osm_n5129121007;Yokorama;58 Rue Monsieur le Prince, 75006 Paris;https://www.google.com/maps/search/Yokorama+58+Rue+Monsieur+le+Prince%2C+75006+Paris
3;osm_n2939348010;Brava Pizza;38 Rue du Cardinal Lemoine, 75005 Paris;https://www.google.com/maps/search/Brava+Pizza+38+Rue+du+Cardinal+Lemoine%2C+75005+Paris
4;osm_n5129121010;Sushiyaki;50 Rue Monsieur le Prince, 75006 Paris;https://www.google.com/maps/search/Sushiyaki+50+Rue+Monsieur+le+Prince%2C+75006+Paris
5;osm_n5129121012;La Cava Voltini;;https://www.google.com/maps/search/La+Cava+Voltini
6;osm_n5298105016;India StreEAT;105 Rue Monge, 75005 Paris;https://www.google.com/maps/search/India+StreEAT+105+Rue+Monge%2C+75005+Paris
7;osm_n8630834017;Ya Bayté by Hébé;1 Rue des Grands Degrés, 75005 Paris;https://www.google.com/maps/search/Ya+Bayt%C3%A9+by+H%C3%A9b%C3%A9+1+Rue+des+Grands+Degr%C3%A9s%2C+75005+Paris
8;osm_n4793992024;Selva;22 Rue du Sommerard, 75005 Paris;https://www.google.com/maps/search/Selva+22+Rue+du+Sommerard%2C+75005+Paris
9;osm_n4447535029;La Ferrandaise;8 Rue de Vaugirard, 75006 Paris;https://www.google.com/maps/search/La+Ferrandaise+8+Rue+de+Vaugirard%2C+75006+Paris
10;osm_n913722029;Mexi & Co;10 Rue Dante, 75005 Paris;https://www.google.com/maps/search/Mexi+%26+Co+10+Rue+Dante%2C+75005+Paris
11;osm_n1778496031;Au Père Louis;38 Rue Monsieur le Prince, 75006 Paris;https://www.google.com/maps/search/Au+P%C3%A8re+Louis+38+Rue+Monsieur+le+Prince%2C+75006+Paris
12;osm_n323061031;Le Bluff;267 Rue St Jacques, 75005 Paris;https://www.google.com/maps/search/Le+Bluff+267+Rue+St+Jacques%2C+75005+Paris
13;osm_n7849213032;Bonvivant;7 Rue des Écoles;https://www.google.com/maps/search/Bonvivant+7+Rue+des+%C3%89coles
14;osm_n3351649038;Crêperie des Pêcheurs;27 Rue Saint-André des Arts, 75006 Paris;https://www.google.com/maps/search/Cr%C3%AAperie+des+P%C3%AAcheurs+27+Rue+Saint-Andr%C3%A9+des+Arts%2C+75006+Paris
15;osm_n9146864043;Hon Ki;18 Rue de la Bûcherie, 75005 Paris;https://www.google.com/maps/search/Hon+Ki+18+Rue+de+la+B%C3%BBcherie%2C+75005+Paris
16;osm_n13100711044;Arya Bhavan;25 Rue Galande, 75005 Paris;https://www.google.com/maps/search/Arya+Bhavan+25+Rue+Galande%2C+75005+Paris
17;osm_n9146864044;Le Grenier de Notre Dame;18 Rue de la Bûcherie, 75005 Paris;https://www.google.com/maps/search/Le+Grenier+de+Notre+Dame+18+Rue+de+la+B%C3%BBcherie%2C+75005+Paris
18;osm_n7799077047;Bicla;46 Rue Monsieur le Prince, 75006 Paris;https://www.google.com/maps/search/Bicla+46+Rue+Monsieur+le+Prince%2C+75006+Paris
19;osm_n7799077048;Taeng Thai;33 Pl. Maubert, 75005 Paris;https://www.google.com/maps/search/Taeng+Thai+33+Pl.+Maubert%2C+75005+Paris
20;osm_n726579049;A Braccetto;19 Rue Soufflot, 75005 Paris;https://www.google.com/maps/search/A+Braccetto+19+Rue+Soufflot%2C+75005+Paris
21;osm_n7861045052;Khaaw Hoom;42 Rue des Boulangers, 75005 Paris;https://www.google.com/maps/search/Khaaw+Hoom+42+Rue+des+Boulangers%2C+75005+Paris
22;osm_n1667270067;Hoki Sushi;;https://www.google.com/maps/search/Hoki+Sushi
23;osm_n1667270068;Atelier Carmen;5 Rue du Pot de Fer, 75005 Paris;https://www.google.com/maps/search/Atelier+Carmen+5+Rue+du+Pot+de+Fer%2C+75005+Paris
24;osm_n7726922070;Sahara Café;12 Rue de l'Éperon, 75006 Paris;https://www.google.com/maps/search/Sahara+Caf%C3%A9+12+Rue+de+l%27%C3%89peron%2C+75006+Paris
25;osm_n2841183072;L'Époque;;https://www.google.com/maps/search/L%27%C3%89poque
26;osm_n3878917072;Pirosmani;6 Rue Boutebrie, 75005 Paris;https://www.google.com/maps/search/Pirosmani+6+Rue+Boutebrie%2C+75005+Paris
27;osm_n5131438074;Arrivederci Pizzeria;47 Rue Gay-Lussac, 75005 Paris;https://www.google.com/maps/search/Arrivederci+Pizzeria+47+Rue+Gay-Lussac%2C+75005+Paris
28;osm_n2417976078;Mr & Mrs Crab;20 Rue de la Huchette, 75005 Paris;https://www.google.com/maps/search/Mr+%26+Mrs+Crab+20+Rue+de+la+Huchette%2C+75005+Paris
29;osm_n582931079;L'Annexe;22 Rue des Écoles, 75005 Paris;https://www.google.com/maps/search/L%27Annexe+22+Rue+des+%C3%89coles%2C+75005+Paris
30;osm_n2868233080;L'Estrapade;15 Rue de l'Estrapade, 75005 Paris;https://www.google.com/maps/search/L%27Estrapade+15+Rue+de+l%27Estrapade%2C+75005+Paris
